"","Timestamp","¿Usted.es.o.ha.sido.usuario.de.Tinder?","Indique.su.genero","¿Su.edad.es?","¿Con.que.grupo.étnico.se.identifica?","5.¿Como.usuario.de.Tinder.usted.busca.establecer.contacto.con?","3..¿Con.qué.finalidad.ha.buscado.hacer.match.en.Tinder?","Agerank","Match.con","8..Califique.de.1.a.5.las.siguientes.imágenes.donde.5.es.la.calificación.más.alta.y.1.la.calificación.más.baja","8..Califique.de.1.a.5.las.siguientes.imágenes.donde.5.es.la.calificación.más.alta.y.1.la.calificación.más.baja.1","8..Califique.de.1.a.5.las.siguientes.imágenes.donde.5.es.la.calificación.más.alta.y.1.la.calificación.más.baja.2","8..Califique.de.1.a.5.las.siguientes.imágenes.donde.5.es.la.calificación.más.alta.y.1.la.calificación.más.baja.3","Escoja.3.opciones.,.ordenándolas.de.tal.manera.que.1.sea.la.más.importante.y.3.la.menos.importante..1","Escoja.3.opciones.,.ordenándolas.de.tal.manera.que.1.sea.la.más.importante.y.3.la.menos.importante..2","Escoja.3.opciones.,.ordenándolas.de.tal.manera.que.1.sea.la.más.importante.y.3.la.menos.importante..3","¿Cuál.es.tu.nivel.educativo?(finalizado.o.en.curso)","Barrio","¿Cuál.es.tu.estado.civil?","eleccion1","eleccion2","eleccion3","gusto","gusto1","gusto2","gusto3","gusto4","finalidad","finalidadsexo","genero","educacion","edad"
"1",42853.6177665741,"Sí","Femenino",43,"Blanco","Hombres","Hacer amigos","Mas de 35 años","Jaime",3,2,4,4,"Contexto(fondo/escenario de la foto)","Institucion educativa","Conexiones en comun","Especialización/maestria/doctorado","La flora ","Union libre","Contexto(fondo/escenario de la foto)","Institucion educativa","Conexiones en comun",0,0,0,0,2,0,0,"Femenino","Especialización/maestria/doctorado",43
"2",42855.628097662,"Sí","Masculino",36,"Blanco","Mujeres","Buscar un encuentro sexual","Mas de 35 años","Sandra",5,5,4,3," Cuerpo"," Edad","Contexto(fondo/escenario de la foto)","Especialización/maestria/doctorado","Valle del Lili","Soltero"," Cuerpo"," Edad","Contexto(fondo/escenario de la foto)",1,1,1,1,1,1,1,"Masculino","Especialización/maestria/doctorado",36
"3",42865.6729524306,"Sí","Femenino",41,"Indigena","Ambos","Hacer amigos","Mas de 35 años","Sandra",5,5,5,5,"Gustos musicales",NA,NA,"Especialización/maestria/doctorado","Napoles","Soltero","Gustos musicales",NA,NA,0,0,0,0,0,0,0,"Femenino","Especialización/maestria/doctorado",41
"4",42866.5680795023,"Sí","Femenino",38,"Blanco","Hombres","Buscar pareja estable","Mas de 35 años","Alvaro",3,2,3,3," Cara"," Cuerpo"," Edad","Especialización/maestria/doctorado","La Hacienda","Soltero"," Cara"," Cuerpo"," Edad",1,1,1,1,1,0,0,"Femenino","Especialización/maestria/doctorado",38
"5",42866.6477598264,"Sí","Femenino",36,"Blanco","Hombres","Buscar pareja estable","Mas de 35 años","Alvaro",1,4,3,3," Edad","Contexto(fondo/escenario de la foto)"," Distancia","Especialización/maestria/doctorado","camino real","Soltero"," Edad","Contexto(fondo/escenario de la foto)"," Distancia",0,1,0,1,1,0,0,"Femenino","Especialización/maestria/doctorado",36
"6",42866.6785666088,"Sí","Masculino",36,"Blanco","Mujeres","Buscar un encuentro sexual","26 - 35 años","Angelica",3,3,3,3," Cara"," Cuerpo","Vestuario","Secundaria","Chico","Soltero"," Cara"," Cuerpo","Vestuario",1,1,1,1,1,1,1,"Masculino","Secundaria",36
"7",42866.742914375,"Sí","Femenino",39,"Mestizo","Hombres","Buscar pareja estable","Mas de 35 años","Alvaro",1,2,3,3," Edad","Lugar de trabajo","Institucion educativa","Especialización/maestria/doctorado","Normandia","Soltero"," Edad","Lugar de trabajo","Institucion educativa",0,1,0,1,2,0,0,"Femenino","Especialización/maestria/doctorado",39
"8",42866.7698484954,"Sí","Femenino",41,"Mestizo","Hombres","Buscar un encuentro sexual","Mas de 35 años","Alvaro",3,3,3,3," Pose","Vestuario"," Cara","Especialización/maestria/doctorado","Chapinero ","Soltero"," Pose","Vestuario"," Cara",0,0,0,0,0,1,1,"Femenino","Especialización/maestria/doctorado",41
"9",42866.845263831,"Sí","Femenino",40,"Blanco","Hombres","Hacer amigos","Mas de 35 años","Alvaro",1,2,3,5,"Contexto(fondo/escenario de la foto)"," Cara","Descripcion personal","Secundaria","La hacienda","Soltero","Contexto(fondo/escenario de la foto)"," Cara","Descripcion personal",0,0,1,0,1,0,0,"Femenino","Secundaria",40
"10",42866.8478342593,"Sí","Femenino",36,"Blanco","Hombres","Hacer amigos","Mas de 35 años","Alvaro",1,1,2,2,"Descripcion personal","Conexiones en comun"," Edad","Especialización/maestria/doctorado","flora","Soltero","Descripcion personal","Conexiones en comun"," Edad",0,0,0,0,2,0,0,"Femenino","Especialización/maestria/doctorado",36
"11",42866.8521083912,"Sí","Masculino",36,"Mestizo","Mujeres","Buscar pareja estable","26 - 35 años","Johana",3,1,5,2,"Conexiones en comun","Descripcion personal"," Cara","Especialización/maestria/doctorado","Base","Casado","Conexiones en comun","Descripcion personal"," Cara",0,0,0,2,2,0,0,"Masculino","Especialización/maestria/doctorado",36
"12",42866.8665990857,"Sí","Femenino",47,"Blanco","Hombres","Buscar pareja estable","Mas de 35 años","Alvaro",4,5,2,1,"Conexiones en comun","Descripcion personal"," Edad","Secundaria","Almagro ","Viudo","Conexiones en comun","Descripcion personal"," Edad",0,0,0,2,2,0,0,"Femenino","Secundaria",47
"13",42866.869635081,"Sí","Masculino",56,"Blanco","Mujeres","Buscar un encuentro sexual","Mas de 35 años","Sandra",3,5,1,2," Cuerpo","Vestuario"," Edad","Universitario profesional","Belgrano ","Viudo"," Cuerpo","Vestuario"," Edad",1,1,1,1,1,1,1,"Masculino","Universitario profesional",56
"14",42866.8838726273,"Sí","Femenino",43,"Blanco","Hombres","Buscar pareja estable","Mas de 35 años","Alvaro",1,1,1,1,"Conexiones en comun","Contexto(fondo/escenario de la foto)"," Pose","Especialización/maestria/doctorado","Cristales","Soltero","Conexiones en comun","Contexto(fondo/escenario de la foto)"," Pose",0,0,0,2,2,0,0,"Femenino","Especialización/maestria/doctorado",43
"15",42866.9180773958,"Sí","Femenino",44,"Blanco","Hombres","Hacer amigos","Mas de 35 años","Alvaro",3,1,5,4," Edad","Contexto(fondo/escenario de la foto)"," Cuerpo","Especialización/maestria/doctorado","Hacienda","Soltero"," Edad","Contexto(fondo/escenario de la foto)"," Cuerpo",0,1,0,1,1,0,0,"Femenino","Especialización/maestria/doctorado",44
"16",42866.9857683912,"Sí","Masculino",52,"Blanco","Mujeres","Buscar pareja estable","Mas de 35 años","Marisol",3,2,4,1,"Descripcion personal",NA,NA,"Especialización/maestria/doctorado","Normsndis","Soltero","Descripcion personal",NA,NA,0,0,0,0,0,0,0,"Masculino","Especialización/maestria/doctorado",52
"17",42867.2878555093,"Sí","Masculino",39,"Blanco","Mujeres","Buscar un encuentro sexual","26 - 35 años","Johana",3,2,4,5," Cara"," Cuerpo"," Distancia","Especialización/maestria/doctorado","Refugio","Soltero"," Cara"," Cuerpo"," Distancia",1,1,1,1,1,1,1,"Masculino","Especialización/maestria/doctorado",39
"18",42867.2927059028,"Sí","Femenino",41,"Indigena","Ambos","Hacer amigos","Mas de 35 años","Sandra",3,5,4,3,"Institucion educativa","Descripcion personal","Vestuario","Especialización/maestria/doctorado","Mercedes","Casado","Institucion educativa","Descripcion personal","Vestuario",0,0,0,2,2,0,0,"Femenino","Especialización/maestria/doctorado",41
"19",42867.3015311227,"Sí","Femenino",40,"Mestizo","Ambos","Buscar un encuentro sexual","Mas de 35 años","Marisol",4,2,2,5," Cara",NA,NA,"Especialización/maestria/doctorado","La Calera","Union libre"," Cara",NA,NA,1,1,1,1,1,1,1,"Femenino","Especialización/maestria/doctorado",40
"20",42867.3360738079,"Sí","Masculino",43,"Blanco","Mujeres","Buscar un encuentro sexual","18 - 25 años","Natalia",4,4,5,3," Edad"," Cara"," Cuerpo","Especialización/maestria/doctorado","Ingenio","Casado"," Edad"," Cara"," Cuerpo",0,1,1,1,1,1,1,"Masculino","Especialización/maestria/doctorado",43
"21",42867.479226088,"Sí","Masculino",41,"Mestizo","Mujeres","Buscar un encuentro sexual","18 - 25 años","Natalia",2,1,3,2," Edad"," Cuerpo"," Cara","Especialización/maestria/doctorado","lili","Union libre"," Edad"," Cuerpo"," Cara",0,1,1,1,1,1,1,"Masculino","Especialización/maestria/doctorado",41
"22",42867.5068507292,"Sí","Masculino",43,"Blanco","Mujeres","Crear grupo y salir","26 - 35 años","Angelica",4,2,3,5," Cara"," Cuerpo"," Distancia","Especialización/maestria/doctorado","Limonar","Soltero"," Cara"," Cuerpo"," Distancia",1,1,1,1,1,0,0,"Masculino","Especialización/maestria/doctorado",43
"23",42867.5434816667,"Sí","Femenino",36,"Mestizo","Hombres","No lo tengo claro","Mas de 35 años","Alvaro",2,1,3,2," Cara","Contexto(fondo/escenario de la foto)"," Pose","Especialización/maestria/doctorado","San Fernando","Soltero"," Cara","Contexto(fondo/escenario de la foto)"," Pose",1,1,1,1,1,0,0,"Femenino","Especialización/maestria/doctorado",36
"24",42867.6020822338,"Sí","Masculino",39,"Mestizo","Mujeres","Buscar pareja estable","26 - 35 años","Angelica",4,3,3,4," Cara"," Cuerpo"," Edad","Especialización/maestria/doctorado","Ciudad Jardín","Soltero"," Cara"," Cuerpo"," Edad",1,1,1,1,1,0,0,"Masculino","Especialización/maestria/doctorado",39
"25",42867.6188648958,"Sí","Masculino",38,"Blanco","Mujeres","Buscar un encuentro sexual","26 - 35 años","Johana",3,1,4,3," Cuerpo"," Edad","Institucion educativa","Universitario profesional","no","Soltero"," Cuerpo"," Edad","Institucion educativa",1,1,1,1,1,1,1,"Masculino","Universitario profesional",38
"26",42867.9720371991,"Sí","Femenino",42,"Blanco","Hombres","Curiosidad","Mas de 35 años","Jaime",3,2,1,1,"Conexiones en comun"," Edad","Vestuario","Especialización/maestria/doctorado","Virrey","Soltero","Conexiones en comun"," Edad","Vestuario",0,0,0,2,1,0,0,"Femenino","Especialización/maestria/doctorado",42
"27",42868.340506713,"Sí","Femenino",41,"Mestizo","Hombres","Hacer amigos","Mas de 35 años","Alvaro",3,4,3,1," Distancia",NA,NA,"Universitario profesional","Bogota","Soltero"," Distancia",NA,NA,0,0,0,0,0,0,0,"Femenino","Universitario profesional",41
"28",42868.3495661111,"Sí","Masculino",43,"Mestizo","Mujeres","Buscar un encuentro sexual","26 - 35 años","Angelica",5,2,3,5," Cara"," Cuerpo","Institucion educativa","Especialización/maestria/doctorado","Pampalinda","Soltero"," Cara"," Cuerpo","Institucion educativa",1,1,1,1,1,1,1,"Masculino","Especialización/maestria/doctorado",43
"29",42868.6806501389,"Sí","Femenino",39,"Mestizo","Hombres","Hacer amigos","Mas de 35 años","Alvaro",2,1,4,1," Cuerpo"," Cara","Contexto(fondo/escenario de la foto)","Universitario profesional","san fernando","Soltero"," Cuerpo"," Cara","Contexto(fondo/escenario de la foto)",1,1,1,1,1,0,0,"Femenino","Universitario profesional",39
"30",42868.7664612384,"Sí","Masculino",38,"Mestizo","Mujeres","Hacer amigos","26 - 35 años","Johana",2,3,4,3," Cara"," Cuerpo","Descripcion personal","Universitario profesional","Juanambu","Casado"," Cara"," Cuerpo","Descripcion personal",1,1,1,1,1,0,0,"Masculino","Universitario profesional",38
"31",42869.5088004167,"Sí","Femenino",36,"Blanco","Ambos","Ver cuántas mujeres bi cerca mío ","26 - 35 años","Johana",2,3,5,4,"Descripcion personal"," Edad","Lugar de trabajo","Especialización/maestria/doctorado","La Flora","Casado","Descripcion personal"," Edad","Lugar de trabajo",0,0,0,0,1,0,0,"Femenino","Especialización/maestria/doctorado",36
"32",42869.8645500926,"Sí","Masculino",36,"Blanco","Mujeres","Buscar pareja estable","26 - 35 años","Angelica",4,5,2,3," Cara","Descripcion personal"," Edad","Especialización/maestria/doctorado","ENVIGADO ","Soltero"," Cara","Descripcion personal"," Edad",1,1,1,1,1,0,0,"Masculino","Especialización/maestria/doctorado",36
"33",42870.5180765162,"Sí","Masculino",44,"Mestizo","Mujeres","Buscar un encuentro sexual","Mas de 35 años","Sandra",5,5,4,4,"Contexto(fondo/escenario de la foto)"," Cuerpo","Lugar de trabajo","Especialización/maestria/doctorado","Pance","Soltero","Contexto(fondo/escenario de la foto)"," Cuerpo","Lugar de trabajo",0,0,1,0,1,1,1,"Masculino","Especialización/maestria/doctorado",44
"34",42870.5363854398,"Sí","Masculino",41,"Blanco","Mujeres","Buscar pareja estable","Mas de 35 años","Marisol",5,4,4,5,"Contexto(fondo/escenario de la foto)"," Cara","Institucion educativa","Universitario profesional","Las americas","Soltero","Contexto(fondo/escenario de la foto)"," Cara","Institucion educativa",0,0,1,0,1,0,0,"Masculino","Universitario profesional",41
"35",42870.6163050116,"Sí","Femenino",39,"Blanco","Hombres","Buscar un encuentro sexual","Mas de 35 años","Jaime",5,5,5,5," Cuerpo"," Cara","Contexto(fondo/escenario de la foto)","Universitario profesional","La base","Soltero"," Cuerpo"," Cara","Contexto(fondo/escenario de la foto)",1,1,1,1,1,1,1,"Femenino","Universitario profesional",39
"36",42870.624098206,"Sí","Femenino",40,"Blanco","Hombres","Buscar un encuentro sexual","Mas de 35 años","Jaime",5,4,4,4," Cara","Lugar de trabajo","Contexto(fondo/escenario de la foto)","Universitario profesional","san nicolas","Soltero"," Cara","Lugar de trabajo","Contexto(fondo/escenario de la foto)",1,1,1,1,2,1,1,"Femenino","Universitario profesional",40
"37",42870.7699996759,"Sí","Femenino",37,"Mestizo","Hombres","Buscar pareja estable","Mas de 35 años","Alvaro",3,3,4,4,"Descripcion personal","Contexto(fondo/escenario de la foto)"," Cara","Especialización/maestria/doctorado","Salomia","Union libre","Descripcion personal","Contexto(fondo/escenario de la foto)"," Cara",0,0,0,0,0,0,0,"Femenino","Especialización/maestria/doctorado",37
"38",42870.7709944213,"Sí","Masculino",50,"Afro/negro","Mujeres","Buscar pareja estable","Mas de 35 años","Marisol",2,2,2,5,"Contexto(fondo/escenario de la foto)","Vestuario"," Cara","Especialización/maestria/doctorado","capri","Union libre","Contexto(fondo/escenario de la foto)","Vestuario"," Cara",0,0,0,0,0,0,0,"Masculino","Especialización/maestria/doctorado",50
"39",42870.7734815857,"Sí","Femenino",46,"Mestizo","Hombres","Hacer amigos","Mas de 35 años","Jaime",3,3,3,4,"Conexiones en comun"," Cara","Contexto(fondo/escenario de la foto)","Especialización/maestria/doctorado","ciudad jardin","Union libre","Conexiones en comun"," Cara","Contexto(fondo/escenario de la foto)",0,0,1,2,1,0,0,"Femenino","Especialización/maestria/doctorado",46
"40",42870.7742154861,"Sí","Masculino",54,"Mestizo","Mujeres","Hacer amigos","Mas de 35 años","Marisol",2,2,2,4," Cara","Contexto(fondo/escenario de la foto)","Conexiones en comun","Especialización/maestria/doctorado","limonar","Union libre"," Cara","Contexto(fondo/escenario de la foto)","Conexiones en comun",1,1,1,1,1,0,0,"Masculino","Especialización/maestria/doctorado",54
"41",42870.7771114352,"Sí","Femenino",36,"Afro/negro","Hombres","Buscar pareja estable","Mas de 35 años","Jaime",3,3,3,3,"Conexiones en comun"," Cara","Descripcion personal","Especialización/maestria/doctorado","capri","Soltero","Conexiones en comun"," Cara","Descripcion personal",0,0,1,2,1,0,0,"Femenino","Especialización/maestria/doctorado",36
"42",42870.7796834722,"Sí","Femenino",53,"Mestizo","Hombres","Buscar pareja estable","Mas de 35 años","Jaime",3,4,3,5,"Conexiones en comun","Contexto(fondo/escenario de la foto)"," Cara","Especialización/maestria/doctorado","ciudad jardin","Union libre","Conexiones en comun","Contexto(fondo/escenario de la foto)"," Cara",0,0,0,2,2,0,0,"Femenino","Especialización/maestria/doctorado",53
"43",42870.7819446875,"Sí","Masculino",49,"Mestizo","Mujeres","Hacer amigos","Mas de 35 años","Marisol",4,3,3,5," Cara","Conexiones en comun","Contexto(fondo/escenario de la foto)","Universitario profesional","hacienda","Union libre"," Cara","Conexiones en comun","Contexto(fondo/escenario de la foto)",1,1,1,1,2,0,0,"Masculino","Universitario profesional",49
"44",42870.7846203472,"Sí","Femenino",43,"Afro/negro","Hombres","Hacer amigos","Mas de 35 años","Alvaro",3,4,4,4," Cuerpo"," Cara","Conexiones en comun","Especialización/maestria/doctorado","primero de mayo","Union libre"," Cuerpo"," Cara","Conexiones en comun",1,1,1,1,1,0,0,"Femenino","Especialización/maestria/doctorado",43
"45",42870.785292419,"Sí","Masculino",43,"Mestizo","Mujeres","Buscar pareja estable","Mas de 35 años","Marisol",2,2,3,4," Pose","Contexto(fondo/escenario de la foto)"," Edad","Universitario profesional","bochalema","Union libre"," Pose","Contexto(fondo/escenario de la foto)"," Edad",0,0,0,0,0,0,0,"Masculino","Universitario profesional",43
"46",42870.8615347338,"Sí","Femenino",47,"Mestizo","Hombres","Crear grupo y salir","Mas de 35 años","Jaime",3,3,3,3," Edad","Lugar de trabajo","Institucion educativa","Universitario profesional","Troncal","Soltero"," Edad","Lugar de trabajo","Institucion educativa",0,1,0,1,2,0,0,"Femenino","Universitario profesional",47
"47",42870.9087898843,"Sí","Masculino",47,"Mestizo","Mujeres","Buscar un encuentro sexual","Mas de 35 años","Marisol",5,5,5,5," Cuerpo","Contexto(fondo/escenario de la foto)","Lugar de trabajo","Universitario profesional","valle del lili","Union libre"," Cuerpo","Contexto(fondo/escenario de la foto)","Lugar de trabajo",1,1,1,1,1,1,1,"Masculino","Universitario profesional",47
"48",42870.9163401736,"Sí","Femenino",60,"Blanco","Ambos","Hacer amigos","Mas de 35 años","Marisol",3,4,3,4,"Gustos musicales","Lugar de trabajo","Vestuario","Secundaria","N/A","Casado","Gustos musicales","Lugar de trabajo","Vestuario",0,0,0,0,2,0,0,"Femenino","Secundaria",60
"49",42871.5561468287,"Sí","Masculino",41,"Mestizo","Mujeres","Buscar un encuentro sexual","Mas de 35 años","Sandra",5,5,5,5,"Contexto(fondo/escenario de la foto)"," Cara","Lugar de trabajo","Universitario profesional","Valle del lili","Soltero","Contexto(fondo/escenario de la foto)"," Cara","Lugar de trabajo",0,0,1,0,1,1,1,"Masculino","Universitario profesional",41
"50",42871.6202218287,"Sí","Masculino",39,"Blanco","Mujeres","Buscar un encuentro sexual","Mas de 35 años","Marisol",4,4,3,4,"Contexto(fondo/escenario de la foto)","Lugar de trabajo"," Cara","Universitario profesional","san nicolas","Soltero","Contexto(fondo/escenario de la foto)","Lugar de trabajo"," Cara",0,0,0,0,2,1,1,"Masculino","Universitario profesional",39
"51",42871.9727594676,"Sí","Femenino",38,"Blanco","Hombres","Hacer amigos","Mas de 35 años","Jaime",3,3,3,3," Edad","Conexiones en comun",NA,"Universitario profesional","Jardín ","Casado"," Edad","Conexiones en comun",NA,0,1,0,1,2,0,0,"Femenino","Universitario profesional",38
"52",42871.9799971528,"Sí","Femenino",43,"Mestizo","Hombres","Buscar un encuentro sexual","Mas de 35 años","Alvaro",4,3,4,4," Cara","Contexto(fondo/escenario de la foto)","Conexiones en comun","Universitario profesional","Ingenio","Soltero"," Cara","Contexto(fondo/escenario de la foto)","Conexiones en comun",1,1,1,1,1,1,1,"Femenino","Universitario profesional",43
"54",42872.425335787,"Sí","Masculino",34,"Mestizo","Mujeres","Buscar pareja estable","26 - 35 años","Angelica",3,3,5,4,"Conexiones en comun","Institucion educativa"," Edad","Especialización/maestria/doctorado","Restrepo Naranjo","Soltero","Conexiones en comun","Institucion educativa"," Edad",0,0,0,2,2,0,0,"Masculino","Especialización/maestria/doctorado",34
"55",42872.4292065741,"Sí","Masculino",27,"Blanco","Mujeres","Buscar un encuentro sexual","18 - 25 años","Natalia",3,4,5,3," Cara"," Cuerpo","Descripcion personal","Universitario profesional","Avesmarias","Soltero"," Cara"," Cuerpo","Descripcion personal",1,1,1,1,1,1,1,"Masculino","Universitario profesional",27
"56",42872.4409583565,"Sí","Femenino",19,"Mestizo","Mujeres","Buscar un encuentro sexual","18 - 25 años","Natalia",1,3,4,3,"Institucion educativa"," Cara"," Cuerpo","Universitario profesional","Capri","Soltero","Institucion educativa"," Cara"," Cuerpo",0,0,1,2,1,1,1,"Femenino","Universitario profesional",19
"58",42872.4474433681,"Sí","Masculino",23,"Blanco","Mujeres","Hacer amigos","18 - 25 años","Natalia",4,2,5,2,"Lugar de trabajo"," Cara","Institucion educativa","Universitario profesional","La doctora ","Soltero","Lugar de trabajo"," Cara","Institucion educativa",0,0,1,2,1,0,0,"Masculino","Universitario profesional",23
"59",42872.4660185185,"Sí","Masculino",24,"Mestizo","Mujeres","Solo conocer mujeres","18 - 25 años","Natalia",3,4,5,5,"Vestuario"," Edad","Institucion educativa","Universitario profesional","Las vegas","Soltero","Vestuario"," Edad","Institucion educativa",0,0,0,0,1,0,0,"Masculino","Universitario profesional",24
"60",42872.4684620486,"Sí","Masculino",24,"Mestizo","Mujeres","Todas las anteriores menos grupos","18 - 25 años","Natalia",1,2,5,3,"Institucion educativa","Contexto(fondo/escenario de la foto)","Vestuario","Universitario profesional","Valle del lili","Soltero","Institucion educativa","Contexto(fondo/escenario de la foto)","Vestuario",0,0,0,2,2,0,0,"Masculino","Universitario profesional",24
"61",42872.4858430903,"Sí","Masculino",24,"Mestizo","Mujeres","Hacer amigos","26 - 35 años","Angelica",4,4,3,4," Cara"," Pose","Gustos musicales","Universitario profesional","Limonar","Soltero"," Cara"," Pose","Gustos musicales",1,1,1,1,1,0,0,"Masculino","Universitario profesional",24
"62",42872.4936813079,"Sí","Masculino",25,"Mestizo","Mujeres","Hacer amigos","18 - 25 años","Laura",3,4,4,4," Cara"," Edad"," Cuerpo","Universitario profesional","Chapinero","Soltero"," Cara"," Edad"," Cuerpo",1,1,1,1,1,0,0,"Masculino","Universitario profesional",25
"63",42872.5012719097,"Sí","Femenino",21,"Blanco","Hombres","Hacer amigos","18 - 25 años","Juan Jose",3,3,3,3," Cara"," Cuerpo","Comunidades de fans que sigue en facebook","Universitario profesional","La Hacienda ","Soltero"," Cara"," Cuerpo","Comunidades de fans que sigue en facebook",1,1,1,1,1,0,0,"Femenino","Universitario profesional",21
"64",42872.5149143981,"Sí","Masculino",25,"Mestizo","Mujeres","Hacer amigos","26 - 35 años","Angelica",4,1,5,5," Edad","Gustos musicales"," Pose","Universitario profesional","Seminarios","Soltero"," Edad","Gustos musicales"," Pose",0,1,0,1,1,0,0,"Masculino","Universitario profesional",25
"66",42872.5215895833,"Sí","Femenino",19,"Mestizo","Ambos","Hacer amigos","18 - 25 años","Juan Jose",4,4,5,4," Cara","Vestuario"," Distancia","Secundaria","Gran limonar ","Soltero"," Cara","Vestuario"," Distancia",1,1,1,1,1,0,0,"Femenino","Secundaria",19
"67",42872.5642192477,"Sí","Masculino",25,"Mestizo","Mujeres","Buscar un encuentro sexual","18 - 25 años","Laura",1,2,5,3," Pose","Contexto(fondo/escenario de la foto)"," Cara","Universitario profesional","Olaya Herrera","Union libre"," Pose","Contexto(fondo/escenario de la foto)"," Cara",0,0,0,0,0,1,1,"Masculino","Universitario profesional",25
"68",42872.6570745949,"Sí","Masculino",23,"Mestizo","Mujeres","Buscar un encuentro sexual","Mas de 35 años","Sandra",2,4,5,1,"Descripcion personal"," Edad"," Cara","Universitario profesional","villa del prado","Soltero","Descripcion personal"," Edad"," Cara",0,0,0,0,1,1,1,"Masculino","Universitario profesional",23
"69",42872.6581485532,"Sí","Masculino",27,"Blanco","Mujeres","Buscar un encuentro sexual","26 - 35 años","Angelica",4,4,2,4," Edad"," Cuerpo"," Pose","Universitario profesional","caney","Union libre"," Edad"," Cuerpo"," Pose",0,1,1,1,1,1,1,"Masculino","Universitario profesional",27
"70",42872.6594304398,"Sí","Masculino",20,"Afro/negro","Mujeres","Buscar un encuentro sexual","18 - 25 años","Laura",4,5,2,1," Cara"," Edad"," Cuerpo","Universitario profesional","ciudad jardin","Soltero"," Cara"," Edad"," Cuerpo",1,1,1,1,1,1,1,"Masculino","Universitario profesional",20
"71",42872.6705938079,"Sí","Femenino",37,"Mestizo","Ambos","Hacer amigos","Mas de 35 años","Marisol",5,4,5,4,"Conexiones en comun","Gustos musicales","Vestuario","Secundaria","Los andes","Union libre","Conexiones en comun","Gustos musicales","Vestuario",0,0,0,2,2,0,0,"Femenino","Secundaria",37
"72",42872.6742257176,"Sí","Masculino",27,"Blanco","Mujeres","Buscar un encuentro sexual","26 - 35 años","Angelica",4,2,5,4,"Comunidades de fans que sigue en facebook","Descripcion personal","Contexto(fondo/escenario de la foto)","Universitario profesional","Poblado campestre","Viudo","Comunidades de fans que sigue en facebook","Descripcion personal","Contexto(fondo/escenario de la foto)",0,0,0,0,0,1,1,"Masculino","Universitario profesional",27
"73",42872.7076308218,"Sí","Femenino",25,"Mestizo","Hombres","Buscar un encuentro sexual","26 - 35 años","Victor",1,5,2,3," Edad","Gustos musicales","Contexto(fondo/escenario de la foto)","Universitario profesional","Palmira","Soltero"," Edad","Gustos musicales","Contexto(fondo/escenario de la foto)",0,1,0,1,1,1,1,"Femenino","Universitario profesional",25
"74",42872.7769106829,"Sí","Femenino",22,"Mestizo","Hombres","Hacer amigos","18 - 25 años","Juan Jose",4,2,4,3," Cara"," Edad","Institucion educativa","Universitario profesional","Oasis de comfandi","Soltero"," Cara"," Edad","Institucion educativa",1,1,1,1,1,0,0,"Femenino","Universitario profesional",22
"75",42872.7797286574,"Sí","Femenino",22,"Mestizo","Hombres","Hacer amigos","26 - 35 años","Mario",4,3,5,5,"Conexiones en comun","Descripcion personal"," Distancia","Universitario profesional","Valle del lili","Soltero","Conexiones en comun","Descripcion personal"," Distancia",0,0,0,2,2,0,0,"Femenino","Universitario profesional",22
"76",42872.7812549537,"Sí","Masculino",27,"Blanco","Mujeres","Hacer amigos","26 - 35 años","Johana",5,3,5,5,"Descripcion personal"," Cara"," Edad","Universitario profesional","Fatima","Soltero","Descripcion personal"," Cara"," Edad",0,0,1,0,1,0,0,"Masculino","Universitario profesional",27
"77",42872.8498070486,"Sí","Masculino",21,"Mestizo","Mujeres","Buscar un encuentro sexual","18 - 25 años","Laura",3,5,4,2," Cara"," Cuerpo"," Edad","Universitario profesional","Altamira/Palmira","Union libre"," Cara"," Cuerpo"," Edad",1,1,1,1,1,1,1,"Masculino","Universitario profesional",21
"79",42872.9272930208,"Sí","Femenino",40,"Afro/negro","Hombres","Buscar un encuentro sexual","Mas de 35 años","Alvaro",3,5,5,5,"Contexto(fondo/escenario de la foto)"," Cuerpo"," Distancia","Universitario profesional","Ingenio 2","Soltero","Contexto(fondo/escenario de la foto)"," Cuerpo"," Distancia",0,0,1,0,1,1,1,"Femenino","Universitario profesional",40
"80",42873.0531831829,"Sí","Masculino",42,"Indigena","Mujeres","Buscar un encuentro sexual","Mas de 35 años","Sandra",5,5,5,5," Cara"," Cuerpo","Contexto(fondo/escenario de la foto)","Especialización/maestria/doctorado","Pance","Soltero"," Cara"," Cuerpo","Contexto(fondo/escenario de la foto)",1,1,1,1,1,1,1,"Masculino","Especialización/maestria/doctorado",42
"81",42873.7384784375,"Sí","Masculino",41,"Blanco","Mujeres","Buscar un encuentro sexual","Mas de 35 años","Sandra",5,5,5,5," Cuerpo","Descripcion personal","Contexto(fondo/escenario de la foto)","Universitario profesional","Pance","Soltero"," Cuerpo","Descripcion personal","Contexto(fondo/escenario de la foto)",1,1,1,1,1,1,1,"Masculino","Universitario profesional",41
"89",42873.7769016667,"Sí","Femenino",24,"Blanco","Ambos","Hacer amigos","18 - 25 años","Laura",4,4,5,1,"Conexiones en comun"," Edad","Vestuario","Universitario profesional","Chiminangos","Soltero","Conexiones en comun"," Edad","Vestuario",0,0,0,2,1,0,0,"Femenino","Universitario profesional",24
"90",42873.7775994676,"Sí","Femenino",30,"Mestizo","Hombres","Hacer amigos","26 - 35 años","Mario",5,3,4,4," Edad"," Cara"," Distancia","Universitario profesional","Jardín","Soltero"," Edad"," Cara"," Distancia",0,1,1,1,1,0,0,"Femenino","Universitario profesional",30
"91",42873.7849858796,"Sí","Masculino",29,"Blanco","Hombres","Hacer amigos","26 - 35 años","Victor",3,2,2,4,"Descripcion personal",NA,NA,"Universitario profesional","Alvernia","Soltero","Descripcion personal",NA,NA,0,0,0,0,0,0,0,"Masculino","Universitario profesional",29
"92",42873.7908060417,"Sí","Masculino",26,"Mestizo","Mujeres","Buscar un encuentro sexual","18 - 25 años","Natalia",3,5,4,4," Cuerpo","Lugar de trabajo"," Edad","Secundaria","Terminado ","Soltero"," Cuerpo","Lugar de trabajo"," Edad",1,1,1,1,2,1,1,"Masculino","Secundaria",26
"95",42873.8149051273,"Sí","Femenino",27,"Blanco","Hombres","Hacer amigos","26 - 35 años","Mario",3,2,4,5,"Descripcion personal",NA,NA,"Universitario profesional","delicias ","Soltero","Descripcion personal",NA,NA,0,0,0,0,0,0,0,"Femenino","Universitario profesional",27
"98",42873.9304251157,"Sí","Masculino",22,"Blanco","Hombres","Buscar pareja estable","18 - 25 años","Juan Jose",4,2,1,3," Cara","Contexto(fondo/escenario de la foto)","Vestuario","Universitario profesional","La base","Soltero"," Cara","Contexto(fondo/escenario de la foto)","Vestuario",1,1,1,1,1,0,0,"Masculino","Universitario profesional",22
"99",42873.9325147917,"Sí","Masculino",37,"Blanco","Hombres","Hacer amigos","26 - 35 años","Mario",4,2,1,3,"Lugar de trabajo"," Cara","Vestuario","Universitario profesional","Ciudad Jardín ","Soltero","Lugar de trabajo"," Cara","Vestuario",0,0,1,2,1,0,0,"Masculino","Universitario profesional",37
"100",42873.9353323727,"Sí","Masculino",25,"Mestizo","Mujeres","Buscar un encuentro sexual","18 - 25 años","Natalia",5,4,4,5," Edad"," Cuerpo",NA,"Universitario profesional","San benito ","Union libre"," Edad"," Cuerpo",NA,0,1,1,1,1,1,1,"Masculino","Universitario profesional",25
"101",42873.9372951157,"Sí","Masculino",22,"Blanco","Mujeres","Hacer amigos","18 - 25 años","Natalia",5,2,5,3," Pose","Contexto(fondo/escenario de la foto)"," Cuerpo","Universitario profesional","Los alamos","Soltero"," Pose","Contexto(fondo/escenario de la foto)"," Cuerpo",0,0,0,0,0,0,0,"Masculino","Universitario profesional",22
"102",42873.9388197338,"Sí","Masculino",34,"Indigena","Ambos","Buscar pareja estable","Mas de 35 años","Marisol",1,3,1,3,"Gustos musicales"," Distancia","Institucion educativa","Secundaria","Alameda","Viudo","Gustos musicales"," Distancia","Institucion educativa",0,0,0,0,0,0,0,"Masculino","Secundaria",34
"103",42873.9403742824,"Sí","Femenino",33,"Afro/negro","Mujeres","Crear grupo y salir","26 - 35 años","Johana",5,5,4,3,"Vestuario","Descripcion personal","Comunidades de fans que sigue en facebook","Especialización/maestria/doctorado","Floralia","Union libre","Vestuario","Descripcion personal","Comunidades de fans que sigue en facebook",0,0,0,0,0,0,0,"Femenino","Especialización/maestria/doctorado",33
"110",42874.3449458912,"Sí","Femenino",39,"Mestizo","Ambos","Hacer amigos","Mas de 35 años","Sandra",4,5,3,3,"Conexiones en comun"," Edad"," Cuerpo","Secundaria","Guabal","Union libre","Conexiones en comun"," Edad"," Cuerpo",0,0,0,2,1,0,0,"Femenino","Secundaria",39
"111",42874.7827398843,"Sí","Masculino",36,"Blanco","Mujeres","Buscar pareja estable","26 - 35 años","Johana",2,4,5,5,"Conexiones en comun"," Edad"," Cuerpo","Universitario profesional","El Ingenio","Viudo","Conexiones en comun"," Edad"," Cuerpo",0,0,0,2,1,0,0,"Masculino","Universitario profesional",36
"112",42875.4247861458,"Sí","Femenino",45,"Blanco","Ambos","Hacer amigos","Mas de 35 años","Marisol",5,5,1,5,"Conexiones en comun","Gustos musicales","Lugar de trabajo","Universitario profesional","cespedes","Union libre","Conexiones en comun","Gustos musicales","Lugar de trabajo",0,0,0,2,2,0,0,"Femenino","Universitario profesional",45
"113",42875.6414356713,"Sí","Masculino",37,"Mestizo","Ambos","Buscar pareja estable","26 - 35 años","Mario",3,3,4,5," Cara","Conexiones en comun"," Distancia","Especialización/maestria/doctorado","salomia","Soltero"," Cara","Conexiones en comun"," Distancia",1,1,1,1,2,0,0,"Masculino","Especialización/maestria/doctorado",37
"114",42875.645950162,"Sí","Masculino",38,"Blanco","Mujeres","Buscar un encuentro sexual","26 - 35 años","Johana",5,4,4,4," Cuerpo"," Cara"," Edad","Especialización/maestria/doctorado","LA CASCADA","Soltero"," Cuerpo"," Cara"," Edad",1,1,1,1,1,1,1,"Masculino","Especialización/maestria/doctorado",38
"115",42875.6532779861,"Sí","Femenino",35,"Blanco","Hombres","Hacer amigos","Mas de 35 años","Alvaro",3,5,4,3,"Gustos musicales"," Edad"," Distancia","Especialización/maestria/doctorado","EL INGENIO","Union libre","Gustos musicales"," Edad"," Distancia",0,0,0,0,1,0,0,"Femenino","Especialización/maestria/doctorado",35
"116",42875.6547590856,"Sí","Masculino",31,"Blanco","Mujeres","Buscar un encuentro sexual","18 - 25 años","Natalia",4,5,4,5," Cara"," Cuerpo"," Edad","Universitario profesional","Frankfurt (Alemania)","Soltero"," Cara"," Cuerpo"," Edad",1,1,1,1,1,1,1,"Masculino","Universitario profesional",31
"117",42875.6595007176,"Sí","Femenino",35,"Blanco","Hombres","Hacer amigos","Mas de 35 años","Alvaro",4,3,5,3," Edad","Lugar de trabajo","Descripcion personal","Universitario profesional","LIMONAR","Soltero"," Edad","Lugar de trabajo","Descripcion personal",0,1,0,1,2,0,0,"Femenino","Universitario profesional",35
"118",42875.6802824769,"Sí","Masculino",36,"Mestizo","Mujeres","Buscar un encuentro sexual","18 - 25 años","Natalia",1,2,4,3," Cuerpo"," Cara"," Pose","Universitario profesional","caney","Soltero"," Cuerpo"," Cara"," Pose",1,1,1,1,1,1,1,"Masculino","Universitario profesional",36
"119",42875.8791030787,"Sí","Femenino",37,"Blanco","Hombres","Buscar pareja estable","Mas de 35 años","Jaime",3,5,4,5,"Lugar de trabajo","Contexto(fondo/escenario de la foto)"," Cara","Universitario profesional","pance","Soltero","Lugar de trabajo","Contexto(fondo/escenario de la foto)"," Cara",0,0,0,2,2,0,0,"Femenino","Universitario profesional",37
"120",42875.8805640162,"Sí","Femenino",48,"Blanco","Hombres","Buscar un encuentro sexual","Mas de 35 años","Jaime",4,4,4,4,"Lugar de trabajo"," Cara"," Cuerpo","Universitario profesional","ingenio","Soltero","Lugar de trabajo"," Cara"," Cuerpo",0,0,1,2,1,1,1,"Femenino","Universitario profesional",48
"121",42876.1731320486,"Sí","Femenino",28,"Mestizo","Hombres","Buscar pareja estable","26 - 35 años","Mario",4,5,1,3," Cara","Conexiones en comun","Descripcion personal","Especialización/maestria/doctorado","Ciudad jardin","Soltero"," Cara","Conexiones en comun","Descripcion personal",1,1,1,1,2,0,0,"Femenino","Especialización/maestria/doctorado",28
"123",42876.7710619213,"Sí","Femenino",42,"Blanco","Hombres","Buscar un encuentro sexual","Mas de 35 años","Jaime",3,5,5,5,"Contexto(fondo/escenario de la foto)","Institucion educativa"," Cuerpo","Especialización/maestria/doctorado","caney","Soltero","Contexto(fondo/escenario de la foto)","Institucion educativa"," Cuerpo",0,0,0,0,2,1,1,"Femenino","Especialización/maestria/doctorado",42
"124",42876.8221884838,"Sí","Femenino",38,"Mestizo","Hombres","Buscar pareja estable","Mas de 35 años","Jaime",1,2,4,3," Edad",NA,NA,"Especialización/maestria/doctorado","Cedritos ","Union libre"," Edad",NA,NA,0,1,0,1,1,0,0,"Femenino","Especialización/maestria/doctorado",38
"125",42876.8522447107,"Sí","Femenino",40,"Indigena","Hombres","Buscar un encuentro sexual","Mas de 35 años","Jaime",4,4,5,5,"Contexto(fondo/escenario de la foto)","Lugar de trabajo"," Cuerpo","Especialización/maestria/doctorado","caney","Soltero","Contexto(fondo/escenario de la foto)","Lugar de trabajo"," Cuerpo",0,0,0,0,2,1,1,"Femenino","Especialización/maestria/doctorado",40
"126",42876.9445248843,"Sí","Femenino",20,"Blanco","Hombres","Buscar pareja estable","18 - 25 años","Juan Jose",2,2,3,3," Edad"," Distancia"," Cara","Universitario profesional","Palermo ","Soltero"," Edad"," Distancia"," Cara",0,1,0,1,1,0,0,"Femenino","Universitario profesional",20
"127",42877.0690758681,"Sí","Masculino",37,"Mestizo","Mujeres","Buscar un encuentro sexual","26 - 35 años","Angelica",5,5,5,5," Cuerpo"," Edad","Contexto(fondo/escenario de la foto)","Universitario profesional","caney","Soltero"," Cuerpo"," Edad","Contexto(fondo/escenario de la foto)",1,1,1,1,1,1,1,"Masculino","Universitario profesional",37
"128",42877.0703593171,"Sí","Masculino",40,"Mestizo","Mujeres","Buscar un encuentro sexual","26 - 35 años","Johana",5,5,5,5," Cuerpo"," Edad","Contexto(fondo/escenario de la foto)","Universitario profesional","ciudad jardin","Soltero"," Cuerpo"," Edad","Contexto(fondo/escenario de la foto)",1,1,1,1,1,1,1,"Masculino","Universitario profesional",40
"129",42877.4758467477,"Sí","Femenino",36,"Blanco","Hombres","Buscar un encuentro sexual","26 - 35 años","Mario",3,4,3,2," Edad"," Cuerpo"," Cara","Universitario profesional","Valle del Lili","Soltero"," Edad"," Cuerpo"," Cara",0,1,1,1,1,1,1,"Femenino","Universitario profesional",36
"130",42877.5909109491,"Sí","Femenino",43,"Indigena","Hombres","Buscar pareja estable","Mas de 35 años","Jaime",4,3,4,4," Edad"," Cara","Lugar de trabajo","Especialización/maestria/doctorado","Capri","Soltero"," Edad"," Cara","Lugar de trabajo",0,1,1,1,1,0,0,"Femenino","Especialización/maestria/doctorado",43
"131",42877.5909766667,"Sí","Femenino",27,"Afro/negro","Hombres","Buscar pareja estable","26 - 35 años","Victor",3,5,4,5," Cara","Lugar de trabajo","Gustos musicales","Universitario profesional","Vasquez cobo","Soltero"," Cara","Lugar de trabajo","Gustos musicales",1,1,1,1,2,0,0,"Femenino","Universitario profesional",27
"132",42877.5922847917,"Sí","Femenino",38,"Blanco","Hombres","Buscar pareja estable","Mas de 35 años","Alvaro",3,4,5,3,"Lugar de trabajo","Descripcion personal","Conexiones en comun","Universitario profesional","Miraflores","Soltero","Lugar de trabajo","Descripcion personal","Conexiones en comun",0,0,0,2,2,0,0,"Femenino","Universitario profesional",38
"133",42877.5928003009,"Sí","Masculino",40,"Blanco","Mujeres","Buscar pareja estable","Mas de 35 años","Sandra",3,3,4,5," Edad","Descripcion personal","Lugar de trabajo","Especialización/maestria/doctorado","La flora","Soltero"," Edad","Descripcion personal","Lugar de trabajo",0,1,0,1,1,0,0,"Masculino","Especialización/maestria/doctorado",40
"134",42877.5935766898,"Sí","Masculino",50,"Mestizo","Ambos","Buscar un encuentro sexual","Mas de 35 años","Alvaro",3,4,3,4," Pose"," Cara"," Cuerpo","Especialización/maestria/doctorado","San fernando","Union libre"," Pose"," Cara"," Cuerpo",0,0,1,0,1,1,1,"Masculino","Especialización/maestria/doctorado",50
"135",42877.5938804167,"Sí","Femenino",31,"Blanco","Hombres","Buscar pareja estable","Mas de 35 años","Alvaro",2,3,4,5,"Vestuario","Descripcion personal","Institucion educativa","Especialización/maestria/doctorado","Centenario","Soltero","Vestuario","Descripcion personal","Institucion educativa",0,0,0,0,0,0,0,"Femenino","Especialización/maestria/doctorado",31
"136",42877.5948659143,"Sí","Masculino",36,"Blanco","Mujeres","Buscar un encuentro sexual","Mas de 35 años","Sandra",3,5,3,4," Cara"," Cuerpo","Contexto(fondo/escenario de la foto)","Universitario profesional","Vipasa","Soltero"," Cara"," Cuerpo","Contexto(fondo/escenario de la foto)",1,1,1,1,1,1,1,"Masculino","Universitario profesional",36
"137",42877.5951349769,"Sí","Femenino",25,"Blanco","Hombres","Hacer amigos","26 - 35 años","Victor",3,4,3,2," Cara","Vestuario"," Cuerpo","Universitario profesional","Valle del Lilí","Soltero"," Cara","Vestuario"," Cuerpo",1,1,1,1,1,0,0,"Femenino","Universitario profesional",25
"138",42877.5961802894,"Sí","Masculino",38,"Afro/negro","Mujeres","Buscar pareja estable","26 - 35 años","Johana",4,4,5,5,"Conexiones en comun"," Cara","Contexto(fondo/escenario de la foto)","Especialización/maestria/doctorado","Alamos","Soltero","Conexiones en comun"," Cara","Contexto(fondo/escenario de la foto)",0,0,1,2,1,0,0,"Masculino","Especialización/maestria/doctorado",38
"139",42877.5963787963,"Sí","Masculino",32,"Mestizo","Mujeres","Buscar un encuentro sexual","Mas de 35 años","Marisol",4,5,4,3,"Comunidades de fans que sigue en facebook"," Distancia"," Cara","Universitario profesional","Canney","Union libre","Comunidades de fans que sigue en facebook"," Distancia"," Cara",0,0,0,0,0,1,1,"Masculino","Universitario profesional",32
"140",42877.5970764931,"Sí","Masculino",20,"Mestizo","Mujeres","Buscar un encuentro sexual","18 - 25 años","Natalia",4,3,3,4,"Vestuario"," Edad","Conexiones en comun","Universitario profesional","Flora industrial ","Soltero","Vestuario"," Edad","Conexiones en comun",0,0,0,0,1,1,1,"Masculino","Universitario profesional",20
"141",42877.5971936921,"Sí","Femenino",33,"Indigena","Ambos","Hacer amigos","26 - 35 años","Mario",4,4,4,5," Distancia","Conexiones en comun","Gustos musicales","Universitario profesional","Alamos","Soltero"," Distancia","Conexiones en comun","Gustos musicales",0,0,0,0,2,0,0,"Femenino","Universitario profesional",33
"143",42877.5984668981,"Sí","Femenino",36,"Blanco","Hombres","Buscar un encuentro sexual","26 - 35 años","Victor",3,4,4,5," Cara"," Cuerpo"," Pose","Especialización/maestria/doctorado","Caldas ","Soltero"," Cara"," Cuerpo"," Pose",1,1,1,1,1,1,1,"Femenino","Especialización/maestria/doctorado",36
"144",42877.5988016782,"Sí","Femenino",34,"Mestizo","Ambos","Buscar un encuentro sexual","Mas de 35 años","Alvaro",4,5,4,5,"Comunidades de fans que sigue en facebook"," Edad"," Cara","Especialización/maestria/doctorado","El bosque","Soltero","Comunidades de fans que sigue en facebook"," Edad"," Cara",0,0,0,0,1,1,1,"Femenino","Especialización/maestria/doctorado",34
"145",42877.5988542824,"Sí","Masculino",47,"Indigena","Mujeres","Buscar pareja estable","Mas de 35 años","Sandra",3,3,2,3," Cara","Gustos musicales","Lugar de trabajo","Especialización/maestria/doctorado","Prados","Viudo"," Cara","Gustos musicales","Lugar de trabajo",1,1,1,1,1,0,0,"Masculino","Especialización/maestria/doctorado",47
"146",42877.5989923032,"Sí","Masculino",39,"Afro/negro","Mujeres","Buscar un encuentro sexual","Mas de 35 años","Sandra",4,5,3,3,"Descripcion personal","Gustos musicales"," Cara","Especialización/maestria/doctorado","Versalles","Soltero","Descripcion personal","Gustos musicales"," Cara",0,0,0,0,0,1,1,"Masculino","Especialización/maestria/doctorado",39
"147",42877.6001762037,"Sí","Masculino",39,"Afro/negro","Mujeres","Hacer amigos","26 - 35 años","Johana",4,4,5,4,"Conexiones en comun"," Cara","Descripcion personal","Especialización/maestria/doctorado","La flora","Soltero","Conexiones en comun"," Cara","Descripcion personal",0,0,1,2,1,0,0,"Masculino","Especialización/maestria/doctorado",39
"148",42877.6010996875,"Sí","Masculino",38,"Blanco","Mujeres","Buscar pareja estable","Mas de 35 años","Marisol",1,3,5,5,"Gustos musicales","Vestuario","Institucion educativa","Especialización/maestria/doctorado","Santa rita","Soltero","Gustos musicales","Vestuario","Institucion educativa",0,0,0,0,0,0,0,"Masculino","Especialización/maestria/doctorado",38
"149",42877.6018481481,"Sí","Femenino",27,"Afro/negro","Hombres","Buscar pareja estable","Mas de 35 años","Jaime",3,4,4,5,"Contexto(fondo/escenario de la foto)","Conexiones en comun"," Distancia","Universitario profesional","La flora","Soltero","Contexto(fondo/escenario de la foto)","Conexiones en comun"," Distancia",0,0,0,0,2,0,0,"Femenino","Universitario profesional",27
"150",42877.6106148148,"Sí","Masculino",38,"Mestizo","Mujeres","Buscar un encuentro sexual","Mas de 35 años","Marisol",2,5,3,1,"Gustos musicales"," Distancia"," Cuerpo","Universitario profesional","Ciudad jardin","Soltero","Gustos musicales"," Distancia"," Cuerpo",0,0,0,0,0,1,1,"Masculino","Universitario profesional",38
"151",42877.6136847222,"Sí","Femenino",43,"Mestizo","Hombres","Buscar un encuentro sexual","Mas de 35 años","Jaime",5,5,5,5," Cuerpo"," Cara","Contexto(fondo/escenario de la foto)","Universitario profesional","caney","Soltero"," Cuerpo"," Cara","Contexto(fondo/escenario de la foto)",1,1,1,1,1,1,1,"Femenino","Universitario profesional",43
"152",42877.6148878588,"Sí","Masculino",28,"Blanco","Mujeres","Buscar pareja estable","26 - 35 años","Angelica",5,5,5,5," Cara","Lugar de trabajo"," Cuerpo","Universitario profesional","valle del lili","Soltero"," Cara","Lugar de trabajo"," Cuerpo",1,1,1,1,2,0,0,"Masculino","Universitario profesional",28
"153",42877.6214608796,"Sí","Femenino",29,"Blanco","Ambos","Hacer amigos","Mas de 35 años","Alvaro",5,4,5,3," Cara"," Cuerpo","Gustos musicales","Especialización/maestria/doctorado","San fernando ","Soltero"," Cara"," Cuerpo","Gustos musicales",1,1,1,1,1,0,0,"Femenino","Especialización/maestria/doctorado",29
"154",42877.7377527662,"Sí","Masculino",37,"Mestizo","Mujeres","Buscar pareja estable","Mas de 35 años","Sandra",3,4,4,3,"Conexiones en comun"," Edad","Descripcion personal","Universitario profesional","Caney","Viudo","Conexiones en comun"," Edad","Descripcion personal",0,0,0,2,1,0,0,"Masculino","Universitario profesional",37
"155",42877.796216794,"Sí","Femenino",29,"Blanco","Hombres","Buscar pareja estable","Mas de 35 años","Alvaro",3,1,3,3," Edad","Contexto(fondo/escenario de la foto)"," Cara","Universitario profesional","Caney","Soltero"," Edad","Contexto(fondo/escenario de la foto)"," Cara",0,1,0,1,1,0,0,"Femenino","Universitario profesional",29
"156",42877.8466980671,"Sí","Masculino",40,"Blanco","Mujeres","Buscar un encuentro sexual","26 - 35 años","Angelica",5,5,5,5," Cuerpo"," Cara"," Pose","Universitario profesional","Pance","Soltero"," Cuerpo"," Cara"," Pose",1,1,1,1,1,1,1,"Masculino","Universitario profesional",40
"157",42877.854066956,"Sí","Masculino",39,"Mestizo","Mujeres","Buscar un encuentro sexual","Mas de 35 años","Sandra",5,5,5,5," Cara"," Pose","Contexto(fondo/escenario de la foto)","Universitario profesional","Las americas","Soltero"," Cara"," Pose","Contexto(fondo/escenario de la foto)",1,1,1,1,1,1,1,"Masculino","Universitario profesional",39
"158",42877.961891412,"Sí","Femenino",37,"Mestizo","Hombres","Buscar un encuentro sexual","Mas de 35 años","Jaime",5,5,5,5,"Lugar de trabajo"," Cuerpo","Gustos musicales","Universitario profesional","pance","Casado","Lugar de trabajo"," Cuerpo","Gustos musicales",0,0,1,2,1,1,1,"Femenino","Universitario profesional",37
"159",42877.9650147569,"Sí","Masculino",40,"Mestizo","Mujeres","Buscar pareja estable","26 - 35 años","Angelica",5,5,5,5,"Contexto(fondo/escenario de la foto)"," Pose"," Cara","Universitario profesional","Caney","Soltero","Contexto(fondo/escenario de la foto)"," Pose"," Cara",0,0,0,0,0,0,0,"Masculino","Universitario profesional",40
"160",42877.9658118403,"Sí","Masculino",38,"Afro/negro","Mujeres","Buscar un encuentro sexual","Mas de 35 años","Marisol",5,4,4,4," Cara"," Distancia","Lugar de trabajo","Universitario profesional","Limonar","Union libre"," Cara"," Distancia","Lugar de trabajo",1,1,1,1,1,1,1,"Masculino","Universitario profesional",38
"161",42877.9783935069,"Sí","Masculino",28,"Mestizo","Mujeres","Buscar un encuentro sexual","26 - 35 años","Angelica",4,4,5,4," Pose"," Cara"," Cuerpo","Secundaria","Victoria","Soltero"," Pose"," Cara"," Cuerpo",0,0,1,0,1,1,1,"Masculino","Secundaria",28
"162",42877.982557963,"Sí","Masculino",43,"Mestizo","Mujeres","Buscar un encuentro sexual","18 - 25 años","Laura",5,5,5,3,"Contexto(fondo/escenario de la foto)"," Cuerpo","Descripcion personal","Especialización/maestria/doctorado","Ingenio","Soltero","Contexto(fondo/escenario de la foto)"," Cuerpo","Descripcion personal",0,0,1,0,1,1,1,"Masculino","Especialización/maestria/doctorado",43
"163",42877.9847760185,"Sí","Femenino",49,"Mestizo","Hombres","Buscar un encuentro sexual","18 - 25 años","Juan Jose",5,5,5,5," Cara","Institucion educativa","Contexto(fondo/escenario de la foto)","Universitario profesional","Pance","Soltero"," Cara","Institucion educativa","Contexto(fondo/escenario de la foto)",1,1,1,1,2,1,1,"Femenino","Universitario profesional",49
"164",42877.9883636111,"Sí","Femenino",45,"Mestizo","Mujeres","Buscar un encuentro sexual","Mas de 35 años","Marisol",5,5,5,5," Cuerpo"," Cara","Contexto(fondo/escenario de la foto)","Universitario profesional","ciudad 2000","Soltero"," Cuerpo"," Cara","Contexto(fondo/escenario de la foto)",1,1,1,1,1,1,1,"Femenino","Universitario profesional",45
"165",42878.0585343982,"Sí","Masculino",36,"Mestizo","Mujeres","Buscar pareja estable","26 - 35 años","Johana",5,5,5,5," Cara"," Cuerpo","Contexto(fondo/escenario de la foto)","Universitario profesional","las americas","Soltero"," Cara"," Cuerpo","Contexto(fondo/escenario de la foto)",1,1,1,1,1,0,0,"Masculino","Universitario profesional",36
"166",42878.0613236806,"Sí","Masculino",41,"Mestizo","Mujeres","Buscar un encuentro sexual","26 - 35 años","Johana",5,5,5,5,"Vestuario","Contexto(fondo/escenario de la foto)"," Cuerpo","Universitario profesional","la base","Soltero","Vestuario","Contexto(fondo/escenario de la foto)"," Cuerpo",0,0,0,0,0,1,1,"Masculino","Universitario profesional",41
"167",42878.0642232523,"Sí","Masculino",38,"Blanco","Mujeres","Buscar un encuentro sexual","Mas de 35 años","Sandra",5,5,5,5," Cara"," Cuerpo","Lugar de trabajo","Universitario profesional","la base","Soltero"," Cara"," Cuerpo","Lugar de trabajo",1,1,1,1,1,1,1,"Masculino","Universitario profesional",38
"168",42878.4483443403,"Sí","Masculino",43,"Mestizo","Mujeres","Buscar un encuentro sexual","26 - 35 años","Angelica",5,5,5,5," Cara"," Cuerpo"," Edad","Universitario profesional","valle del lili","Soltero"," Cara"," Cuerpo"," Edad",1,1,1,1,1,1,1,"Masculino","Universitario profesional",43
"169",42878.4515251042,"Sí","Masculino",37,"Mestizo","Mujeres","Buscar un encuentro sexual","18 - 25 años","Laura",5,5,5,5," Cara"," Edad"," Cuerpo","Universitario profesional","caney","Soltero"," Cara"," Edad"," Cuerpo",1,1,1,1,1,1,1,"Masculino","Universitario profesional",37
"170",42878.4718480093,"Sí","Masculino",38,"Mestizo","Mujeres","Buscar un encuentro sexual","Mas de 35 años","Marisol",5,5,5,5,"Lugar de trabajo","Descripcion personal","Contexto(fondo/escenario de la foto)","Universitario profesional","Valle del lili","Soltero","Lugar de trabajo","Descripcion personal","Contexto(fondo/escenario de la foto)",0,0,0,2,2,1,1,"Masculino","Universitario profesional",38
"171",42878.4795910301,"Sí","Masculino",42,"Mestizo","Mujeres","Buscar un encuentro sexual","26 - 35 años","Johana",5,5,5,5," Cara"," Cuerpo"," Edad","Universitario profesional","ciudad 2000","Soltero"," Cara"," Cuerpo"," Edad",1,1,1,1,1,1,1,"Masculino","Universitario profesional",42
"172",42878.4826683796,"Sí","Masculino",36,"Mestizo","Mujeres","Buscar un encuentro sexual","26 - 35 años","Johana",5,5,5,5," Cuerpo","Vestuario","Lugar de trabajo","Especialización/maestria/doctorado","Pance","Soltero"," Cuerpo","Vestuario","Lugar de trabajo",1,1,1,1,1,1,1,"Masculino","Especialización/maestria/doctorado",36
"173",42878.4879774884,"Sí","Femenino",50,"Blanco","Mujeres","Buscar un encuentro sexual","26 - 35 años","Angelica",5,4,5,2," Cuerpo","Contexto(fondo/escenario de la foto)"," Cara","Especialización/maestria/doctorado","La base","Soltero"," Cuerpo","Contexto(fondo/escenario de la foto)"," Cara",1,1,1,1,1,1,1,"Femenino","Especialización/maestria/doctorado",50
"174",42878.4954239005,"Sí","Masculino",41,"Mestizo","Mujeres","Buscar un encuentro sexual","26 - 35 años","Johana",5,5,5,5,"Lugar de trabajo"," Cuerpo"," Edad","Especialización/maestria/doctorado","Santa monica","Soltero","Lugar de trabajo"," Cuerpo"," Edad",0,0,1,2,1,1,1,"Masculino","Especialización/maestria/doctorado",41
"175",42878.4988430324,"Sí","Masculino",44,"Mestizo","Mujeres","Buscar un encuentro sexual","18 - 25 años","Natalia",5,5,5,5," Cuerpo"," Cara"," Edad","Universitario profesional","san nicolas","Soltero"," Cuerpo"," Cara"," Edad",1,1,1,1,1,1,1,"Masculino","Universitario profesional",44
"176",42878.4992781713,"Sí","Masculino",32,"Blanco","Mujeres","Buscar pareja estable","Mas de 35 años","Sandra",3,4,5,4,"Vestuario"," Cara","Conexiones en comun","Especialización/maestria/doctorado","El castillo","Soltero","Vestuario"," Cara","Conexiones en comun",0,0,1,0,1,0,0,"Masculino","Especialización/maestria/doctorado",32
"177",42878.5016978588,"Sí","Femenino",31,"Blanco","Hombres","Crear grupo y salir","Mas de 35 años","Alvaro",3,3,4,3," Cara","Conexiones en comun","Contexto(fondo/escenario de la foto)","Especialización/maestria/doctorado","Ingenio ","Soltero"," Cara","Conexiones en comun","Contexto(fondo/escenario de la foto)",1,1,1,1,2,0,0,"Femenino","Especialización/maestria/doctorado",31
"178",42878.5035701389,"Sí","Femenino",24,"Mestizo","Hombres","Hacer amigos","26 - 35 años","Mario",4,4,2,2,"Conexiones en comun"," Cara"," Edad","Universitario profesional","Barranquilla ","Soltero","Conexiones en comun"," Cara"," Edad",0,0,1,2,1,0,0,"Femenino","Universitario profesional",24
"179",42878.5036374537,"Sí","Femenino",46,"Blanco","Hombres","Hacer amigos","Mas de 35 años","Alvaro",4,3,2,4," Cuerpo","Lugar de trabajo","Descripcion personal","Universitario profesional","Primero de mayo","Soltero"," Cuerpo","Lugar de trabajo","Descripcion personal",1,1,1,1,2,0,0,"Femenino","Universitario profesional",46
"180",42878.5047923611,"Sí","Masculino",40,"Mestizo","Mujeres","Buscar un encuentro sexual","26 - 35 años","Johana",2,3,5,4," Cara"," Edad"," Cuerpo","Universitario profesional","El bosque","Viudo"," Cara"," Edad"," Cuerpo",1,1,1,1,1,1,1,"Masculino","Universitario profesional",40
"181",42878.5053968982,"Sí","Masculino",30,"Mestizo","Mujeres","Hacer amigos","Mas de 35 años","Marisol",3,4,1,5," Edad"," Cara","Conexiones en comun","Universitario profesional","Barranquilla ","Union libre"," Edad"," Cara","Conexiones en comun",0,1,1,1,1,0,0,"Masculino","Universitario profesional",30
"182",42878.5060103241,"Sí","Femenino",38,"Blanco","Hombres","Hacer amigos","Mas de 35 años","Alvaro",3,3,4,5,"Lugar de trabajo","Descripcion personal","Vestuario","Universitario profesional","Tequendama","Casado","Lugar de trabajo","Descripcion personal","Vestuario",0,0,0,2,2,0,0,"Femenino","Universitario profesional",38
"183",42878.5070790278,"Sí","Masculino",42,"Mestizo","Mujeres","Buscar un encuentro sexual","Mas de 35 años","Sandra",5,5,5,5," Cara","Contexto(fondo/escenario de la foto)"," Cuerpo","Especialización/maestria/doctorado","limonar","Soltero"," Cara","Contexto(fondo/escenario de la foto)"," Cuerpo",1,1,1,1,1,1,1,"Masculino","Especialización/maestria/doctorado",42
"184",42878.5077811227,"Sí","Masculino",37,"Afro/negro","Mujeres","Crear grupo y salir","Mas de 35 años","Sandra",4,3,4,3,"Gustos musicales","Lugar de trabajo"," Edad","Secundaria","El retiro","Soltero","Gustos musicales","Lugar de trabajo"," Edad",0,0,0,0,2,0,0,"Masculino","Secundaria",37
"185",42878.5105163773,"Sí","Masculino",44,"Indigena","Mujeres","Buscar pareja estable","Mas de 35 años","Sandra",5,5,5,1," Cuerpo","Contexto(fondo/escenario de la foto)"," Cara","Universitario profesional","Limonar","Soltero"," Cuerpo","Contexto(fondo/escenario de la foto)"," Cara",1,1,1,1,1,0,0,"Masculino","Universitario profesional",44
"186",42878.5153947454,"Sí","Masculino",39,"Blanco","Mujeres","Buscar un encuentro sexual","26 - 35 años","Angelica",5,5,5,2," Cuerpo","Vestuario","Contexto(fondo/escenario de la foto)","Especialización/maestria/doctorado","villacolombia","Soltero"," Cuerpo","Vestuario","Contexto(fondo/escenario de la foto)",1,1,1,1,1,1,1,"Masculino","Especialización/maestria/doctorado",39
"187",42878.5263655324,"Sí","Femenino",42,"Mestizo","Mujeres","Buscar un encuentro sexual","26 - 35 años","Johana",5,3,5,5," Edad","Lugar de trabajo"," Cuerpo","Universitario profesional","Prados del Norte","Soltero"," Edad","Lugar de trabajo"," Cuerpo",0,1,0,1,2,1,1,"Femenino","Universitario profesional",42
"188",42878.5284361806,"Sí","Femenino",50,"Blanco","Hombres","Buscar un encuentro sexual","Mas de 35 años","Jaime",5,5,5,5," Cara","Lugar de trabajo","Contexto(fondo/escenario de la foto)","Universitario profesional","San antonio","Soltero"," Cara","Lugar de trabajo","Contexto(fondo/escenario de la foto)",1,1,1,1,2,1,1,"Femenino","Universitario profesional",50
"189",42878.5305524768,"Sí","Femenino",39,"Blanco","Hombres","Buscar un encuentro sexual","Mas de 35 años","Jaime",5,5,5,5," Edad"," Cara","Contexto(fondo/escenario de la foto)","Universitario profesional","Villacolombia","Soltero"," Edad"," Cara","Contexto(fondo/escenario de la foto)",0,1,1,1,1,1,1,"Femenino","Universitario profesional",39
"190",42878.5337347569,"Sí","Femenino",41,"Indigena","Hombres","Buscar pareja estable","Mas de 35 años","Jaime",5,5,5,5," Edad","Contexto(fondo/escenario de la foto)"," Cara","Especialización/maestria/doctorado","Limonar","Soltero"," Edad","Contexto(fondo/escenario de la foto)"," Cara",0,1,0,1,1,0,0,"Femenino","Especialización/maestria/doctorado",41
"191",42878.5360164931,"Sí","Masculino",40,"Mestizo","Hombres","Buscar un encuentro sexual","Mas de 35 años","Jaime",5,5,5,5,"Contexto(fondo/escenario de la foto)"," Cara","Lugar de trabajo","Universitario profesional","Pance","Soltero","Contexto(fondo/escenario de la foto)"," Cara","Lugar de trabajo",0,0,1,0,1,1,1,"Masculino","Universitario profesional",40
"192",42878.5395090046,"Sí","Femenino",35,"Mestizo","Hombres","Buscar un encuentro sexual","Mas de 35 años","Jaime",5,5,5,5," Cara","Lugar de trabajo","Contexto(fondo/escenario de la foto)","Universitario profesional","La base","Soltero"," Cara","Lugar de trabajo","Contexto(fondo/escenario de la foto)",1,1,1,1,2,1,1,"Femenino","Universitario profesional",35
"193",42878.545012338,"Sí","Femenino",39,"Blanco","Hombres","Buscar un encuentro sexual","Mas de 35 años","Jaime",5,5,5,5," Cara"," Cuerpo","Contexto(fondo/escenario de la foto)","Universitario profesional","Las americas","Soltero"," Cara"," Cuerpo","Contexto(fondo/escenario de la foto)",1,1,1,1,1,1,1,"Femenino","Universitario profesional",39
"194",42878.5494471412,"Sí","Femenino",39,"Blanco","Hombres","Buscar un encuentro sexual","Mas de 35 años","Jaime",5,5,5,5," Cara"," Distancia","Contexto(fondo/escenario de la foto)","Especialización/maestria/doctorado","Ciudad jardin","Soltero"," Cara"," Distancia","Contexto(fondo/escenario de la foto)",1,1,1,1,1,1,1,"Femenino","Especialización/maestria/doctorado",39
"195",42878.5535248032,"Sí","Femenino",35,"Mestizo","Hombres","Buscar un encuentro sexual","26 - 35 años","Mario",5,5,1,2," Cuerpo"," Pose"," Edad","Universitario profesional","Los almendros ","Soltero"," Cuerpo"," Pose"," Edad",1,1,1,1,1,1,1,"Femenino","Universitario profesional",35
"198",42878.5544305556,"Sí","Femenino",50,"Blanco","Hombres","Buscar pareja estable","Mas de 35 años","Jaime",5,5,5,5," Cara","Contexto(fondo/escenario de la foto)"," Cuerpo","Universitario profesional","Limonar","Soltero"," Cara","Contexto(fondo/escenario de la foto)"," Cuerpo",1,1,1,1,1,0,0,"Femenino","Universitario profesional",50
"199",42878.5553874537,"Sí","Femenino",39,"Blanco","Hombres","Buscar un encuentro sexual","Mas de 35 años","Jaime",5,5,5,5,"Lugar de trabajo"," Distancia"," Cara","Universitario profesional","Bosques del oeste","Soltero","Lugar de trabajo"," Distancia"," Cara",0,0,0,2,2,1,1,"Femenino","Universitario profesional",39
"200",42878.5920587153,"Sí","Masculino",26,"Afro/negro","Mujeres","Buscar un encuentro sexual","26 - 35 años","Angelica",3,4,1,5,"Descripcion personal","Vestuario","Conexiones en comun","Universitario profesional","Torres de Maracaibo","Soltero","Descripcion personal","Vestuario","Conexiones en comun",0,0,0,0,0,1,1,"Masculino","Universitario profesional",26
"201",42878.9509857407,"Sí","Femenino",36,"Afro/negro","Ambos","Crear grupo y salir","Mas de 35 años","Marisol",2,3,4,5," Cara","Comunidades de fans que sigue en facebook"," Edad","Especialización/maestria/doctorado","La Flora","Soltero"," Cara","Comunidades de fans que sigue en facebook"," Edad",1,1,1,1,1,0,0,"Femenino","Especialización/maestria/doctorado",36
"202",42878.9524264352,"Sí","Femenino",25,"Mestizo","Hombres","Buscar un encuentro sexual","26 - 35 años","Mario",3,4,3,3," Cara"," Cuerpo"," Distancia","Universitario profesional","Ciudad Jardín","Soltero"," Cara"," Cuerpo"," Distancia",1,1,1,1,1,1,1,"Femenino","Universitario profesional",25
"203",42932.4844555787,"Sí","Femenino",29,"Indigena","Mujeres","Buscar un encuentro sexual","Mas de 35 años","Sandra",3,2,2,3," Pose","Institucion educativa"," Distancia","Universitario profesional","21322","Casado"," Pose","Institucion educativa"," Distancia",0,0,0,0,2,1,1,"Femenino","Universitario profesional",29
"205",43432.3563152431,"Sí","Femenino",28,"Indigena","Hombres","Hacer amigos","26 - 35 años","Victor",2,4,4,5,"Conexiones en comun","Contexto(fondo/escenario de la foto)","Institucion educativa","Especialización/maestria/doctorado","ciudad jardin","Casado","Conexiones en comun","Contexto(fondo/escenario de la foto)","Institucion educativa",0,0,0,2,2,0,0,"Femenino","Especialización/maestria/doctorado",28
"206",43658.8952707523,"Sí","Masculino",23,"Mestizo","Hombres","Buscar pareja estable","18 - 25 años","Juan David",4,2,4,2," Cara"," Cuerpo","Contexto(fondo/escenario de la foto)","Especialización/maestria/doctorado","Cristales","Soltero"," Cara"," Cuerpo","Contexto(fondo/escenario de la foto)",1,1,1,1,1,0,0,"Masculino","Especialización/maestria/doctorado",23
